source,target,weight,type
1,10,4.0,chemical
1,2,1.0,chemical
1,3,2.0,chemical
1,4,1.0,chemical
1,5,2.0,chemical
1,6,1.0,chemical
1,7,6.0,chemical
1,8,6.0,chemical
1,9,1.0,chemical
10,104,1.0,chemical
10,109,2.0,chemical
10,214,4.0,chemical
10,219,1.0,chemical
10,237,1.0,chemical
10,25,4.0,chemical
10,5,2.0,chemical
10,6,1.0,chemical
10,8,1.0,chemical
100,108,1.0,chemical
100,3,1.0,chemical
100,5,3.0,chemical
100,53,1.0,chemical
100,7,10.0,chemical
100,8,12.0,chemical
101,102,1.0,chemical
101,103,11.0,chemical
101,104,2.0,chemical
101,105,2.0,chemical
101,12,3.0,chemical
101,14,12.0,chemical
101,20,1.0,chemical
102,115,2.0,chemical
102,133,3.0,chemical
102,2,1.0,chemical
102,225,1.0,chemical
102,23,2.0,chemical
102,3,1.0,chemical
102,4,1.0,chemical
102,78,2.0,chemical
102,85,4.0,chemical
102,87,5.0,chemical
102,99,4.0,chemical
103,101,2.0,chemical
103,105,7.0,chemical
103,114,2.0,chemical
103,115,7.0,chemical
103,133,3.0,chemical
103,136,1.0,chemical
103,137,1.0,chemical
103,138,1.0,chemical
103,14,7.0,chemical
103,2,4.0,chemical
103,5,4.0,chemical
103,60,1.0,chemical
103,90,4.0,chemical
104,103,6.0,chemical
104,109,5.0,chemical
104,12,1.0,chemical
104,138,3.0,chemical
104,14,6.0,chemical
104,192,1.0,chemical
104,202,1.0,chemical
104,53,2.0,chemical
104,6,1.0,chemical
104,66,5.0,chemical
104,7,1.0,chemical
105,132,3.0,chemical
105,223,1.0,chemical
105,45,4.0,chemical
105,65,5.0,chemical
106,10,2.0,chemical
106,100,3.0,chemical
106,104,3.0,chemical
106,107,1.0,chemical
106,108,1.0,chemical
106,109,8.0,chemical
106,110,1.0,chemical
106,111,2.0,chemical
106,112,1.0,chemical
106,113,2.0,chemical
106,53,1.0,chemical
106,7,12.0,chemical
106,90,1.0,chemical
107,120,3.0,chemical
107,131,4.0,chemical
107,210,1.0,chemical
107,34,1.0,chemical
107,4,1.0,chemical
107,76,2.0,chemical
107,85,3.0,chemical
107,87,4.0,chemical
108,106,1.0,chemical
108,109,6.0,chemical
108,140,1.0,chemical
108,192,1.0,chemical
108,7,4.0,chemical
108,8,4.0,chemical
109,113,3.0,chemical
109,115,1.0,chemical
109,123,1.0,chemical
109,131,4.0,chemical
109,138,2.0,chemical
109,2,9.0,chemical
109,4,4.0,chemical
109,5,1.0,chemical
109,7,7.0,chemical
109,86,5.0,chemical
11,103,13.0,chemical
11,125,1.0,chemical
11,139,1.0,chemical
11,14,5.0,chemical
11,143,1.0,chemical
11,15,5.0,chemical
11,209,3.0,chemical
110,106,2.0,chemical
110,107,1.0,chemical
110,112,1.0,chemical
110,115,3.0,chemical
110,118,5.0,chemical
110,119,1.0,chemical
110,123,9.0,chemical
110,143,1.0,chemical
110,3,5.0,chemical
110,5,2.0,chemical
110,7,2.0,chemical
110,87,3.0,chemical
110,88,2.0,chemical
111,104,2.0,chemical
111,106,4.0,chemical
111,109,4.0,chemical
111,113,1.0,chemical
111,29,1.0,chemical
111,7,1.0,chemical
111,87,2.0,chemical
112,10,1.0,chemical
112,106,1.0,chemical
112,126,5.0,chemical
112,13,1.0,chemical
112,131,1.0,chemical
112,146,1.0,chemical
112,173,7.0,chemical
112,188,4.0,chemical
112,191,3.0,chemical
112,194,2.0,chemical
112,199,3.0,chemical
112,202,1.0,chemical
112,234,1.0,chemical
112,3,2.0,chemical
112,4,1.0,chemical
112,7,2.0,chemical
112,85,3.0,chemical
112,87,7.0,chemical
113,224,3.0,chemical
113,45,4.0,chemical
113,65,3.0,chemical
113,73,4.0,chemical
114,102,1.0,chemical
114,103,2.0,chemical
114,116,2.0,chemical
114,125,1.0,chemical
114,141,1.0,chemical
114,142,3.0,chemical
114,150,2.0,chemical
114,192,1.0,chemical
114,2,11.0,chemical
114,216,1.0,chemical
115,131,1.0,chemical
115,132,1.0,chemical
115,133,14.0,chemical
115,134,1.0,chemical
115,14,1.0,chemical
115,15,4.0,chemical
115,3,1.0,chemical
115,4,1.0,chemical
115,74,3.0,chemical
115,87,3.0,chemical
116,108,12.0,chemical
116,11,4.0,chemical
116,114,4.0,chemical
116,115,7.0,chemical
116,123,3.0,chemical
116,125,2.0,chemical
116,127,3.0,chemical
116,129,1.0,chemical
116,139,1.0,chemical
116,140,1.0,chemical
116,2,1.0,chemical
117,101,3.0,chemical
117,104,1.0,chemical
117,114,7.0,chemical
117,118,2.0,chemical
117,119,4.0,chemical
117,13,2.0,chemical
117,133,1.0,chemical
117,14,4.0,chemical
117,142,1.0,chemical
117,2,5.0,chemical
117,23,1.0,chemical
117,85,6.0,chemical
118,119,2.0,chemical
118,126,1.0,chemical
118,13,70.0,chemical
118,152,1.0,chemical
118,153,2.0,chemical
118,154,2.0,chemical
118,157,1.0,chemical
118,158,1.0,chemical
118,160,3.0,chemical
118,161,2.0,chemical
118,162,6.0,chemical
118,163,4.0,chemical
118,164,3.0,chemical
118,167,1.0,chemical
118,168,1.0,chemical
118,171,3.0,chemical
118,174,3.0,chemical
118,177,1.0,chemical
118,179,1.0,chemical
118,180,3.0,chemical
118,182,1.0,chemical
118,183,2.0,chemical
118,187,6.0,chemical
118,193,1.0,chemical
118,194,1.0,chemical
118,195,1.0,chemical
118,85,1.0,chemical
119,118,2.0,chemical
119,152,1.0,chemical
119,153,2.0,chemical
119,154,2.0,chemical
119,157,1.0,chemical
119,158,1.0,chemical
119,160,3.0,chemical
119,161,2.0,chemical
119,162,6.0,chemical
119,163,4.0,chemical
119,164,3.0,chemical
119,167,1.0,chemical
119,168,1.0,chemical
119,173,1.0,chemical
119,174,3.0,chemical
119,175,6.0,chemical
119,177,1.0,chemical
119,179,1.0,chemical
119,180,3.0,chemical
119,182,1.0,chemical
119,183,2.0,chemical
119,185,3.0,chemical
119,193,1.0,chemical
119,194,1.0,chemical
119,195,1.0,chemical
119,3,70.0,chemical
119,87,1.0,chemical
12,119,1.0,chemical
12,13,2.0,chemical
12,14,6.0,chemical
12,15,9.0,chemical
12,4,4.0,chemical
120,118,3.0,chemical
120,124,1.0,chemical
120,126,1.0,chemical
120,13,2.0,chemical
120,143,1.0,chemical
120,149,1.0,chemical
120,173,3.0,chemical
120,175,1.0,chemical
120,200,1.0,chemical
120,205,2.0,chemical
120,206,1.0,chemical
120,5,4.0,chemical
120,85,1.0,chemical
120,87,5.0,chemical
120,91,2.0,chemical
121,101,8.0,chemical
121,103,7.0,chemical
121,115,1.0,chemical
121,14,3.0,chemical
121,85,1.0,chemical
121,86,1.0,chemical
122,110,3.0,chemical
122,115,11.0,chemical
122,116,1.0,chemical
122,118,5.0,chemical
122,119,2.0,chemical
122,123,10.0,chemical
122,124,1.0,chemical
122,125,3.0,chemical
122,126,2.0,chemical
122,21,1.0,chemical
122,22,1.0,chemical
122,3,2.0,chemical
122,32,1.0,chemical
122,85,1.0,chemical
122,87,2.0,chemical
122,99,2.0,chemical
123,107,1.0,chemical
123,109,1.0,chemical
123,115,12.0,chemical
123,116,1.0,chemical
123,122,1.0,chemical
123,125,1.0,chemical
123,140,1.0,chemical
123,206,2.0,chemical
124,104,3.0,chemical
124,105,1.0,chemical
124,119,1.0,chemical
124,120,1.0,chemical
124,122,2.0,chemical
124,146,2.0,chemical
124,199,2.0,chemical
124,201,1.0,chemical
124,202,1.0,chemical
124,203,5.0,chemical
124,204,4.0,chemical
124,85,1.0,chemical
124,9,1.0,chemical
124,90,1.0,chemical
124,99,2.0,chemical
125,108,9.0,chemical
125,11,4.0,chemical
125,115,3.0,chemical
125,122,1.0,chemical
125,123,2.0,chemical
125,139,2.0,chemical
125,2,1.0,chemical
126,118,3.0,chemical
126,119,6.0,chemical
126,120,3.0,chemical
126,13,7.0,chemical
126,138,4.0,chemical
126,152,1.0,chemical
126,155,2.0,chemical
126,161,1.0,chemical
126,169,5.0,chemical
126,170,3.0,chemical
126,172,1.0,chemical
126,173,3.0,chemical
126,185,1.0,chemical
126,188,1.0,chemical
126,193,7.0,chemical
126,233,4.0,chemical
126,254,4.0,chemical
126,255,1.0,chemical
126,257,1.0,chemical
126,263,1.0,chemical
126,264,4.0,chemical
126,265,1.0,chemical
126,266,5.0,chemical
126,267,3.0,chemical
126,268,2.0,chemical
126,3,9.0,chemical
126,4,2.0,chemical
126,43,1.0,chemical
126,5,1.0,chemical
126,79,2.0,chemical
126,85,4.0,chemical
126,87,16.0,chemical
126,91,2.0,chemical
126,97,5.0,chemical
127,11,7.0,chemical
127,128,1.0,chemical
128,114,2.0,chemical
128,116,3.0,chemical
128,127,5.0,chemical
128,15,1.0,chemical
128,2,2.0,chemical
128,40,1.0,chemical
128,6,3.0,chemical
128,97,1.0,chemical
129,108,11.0,chemical
129,116,1.0,chemical
13,118,2.0,chemical
13,152,1.0,chemical
13,153,4.0,chemical
13,154,9.0,chemical
13,155,3.0,chemical
13,156,2.0,chemical
13,157,2.0,chemical
13,158,4.0,chemical
13,159,2.0,chemical
13,160,4.0,chemical
13,161,4.0,chemical
13,162,9.0,chemical
13,163,12.0,chemical
13,164,9.0,chemical
13,165,2.0,chemical
13,166,7.0,chemical
13,167,14.0,chemical
13,168,5.0,chemical
13,169,3.0,chemical
13,17,1.0,chemical
13,170,2.0,chemical
13,171,5.0,chemical
13,172,2.0,chemical
13,173,28.0,chemical
13,174,1.0,chemical
13,175,2.0,chemical
13,176,10.0,chemical
13,177,14.0,chemical
13,178,2.0,chemical
13,179,3.0,chemical
13,180,4.0,chemical
13,181,4.0,chemical
13,182,6.0,chemical
13,183,4.0,chemical
13,184,2.0,chemical
13,3,3.0,chemical
13,4,4.0,chemical
13,85,2.0,chemical
130,115,2.0,chemical
130,118,6.0,chemical
130,119,14.0,chemical
130,13,13.0,chemical
130,138,1.0,chemical
130,2,1.0,chemical
130,225,1.0,chemical
130,3,18.0,chemical
130,64,1.0,chemical
130,68,2.0,chemical
130,85,4.0,chemical
130,87,5.0,chemical
131,107,1.0,chemical
131,120,1.0,chemical
131,13,2.0,chemical
131,2,4.0,chemical
131,211,2.0,chemical
131,212,3.0,chemical
131,213,3.0,chemical
131,214,1.0,chemical
131,45,4.0,chemical
131,48,2.0,chemical
131,49,1.0,chemical
131,74,2.0,chemical
131,75,3.0,chemical
131,8,1.0,chemical
131,85,2.0,chemical
131,87,5.0,chemical
131,91,1.0,chemical
132,13,5.0,chemical
132,131,5.0,chemical
132,133,3.0,chemical
132,2,1.0,chemical
132,94,1.0,chemical
133,13,1.0,chemical
133,15,1.0,chemical
133,211,1.0,chemical
133,212,3.0,chemical
133,213,2.0,chemical
133,45,4.0,chemical
133,48,1.0,chemical
133,49,3.0,chemical
133,73,1.0,chemical
133,75,5.0,chemical
133,78,1.0,chemical
133,85,2.0,chemical
133,87,3.0,chemical
133,91,1.0,chemical
134,115,1.0,chemical
134,132,9.0,chemical
134,133,1.0,chemical
134,174,1.0,chemical
134,179,1.0,chemical
134,180,1.0,chemical
134,197,3.0,chemical
134,198,1.0,chemical
134,201,2.0,chemical
134,215,2.0,chemical
134,220,1.0,chemical
134,45,5.0,chemical
134,73,4.0,chemical
135,1,3.0,chemical
135,100,1.0,chemical
135,129,5.0,chemical
135,136,2.0,chemical
135,15,1.0,chemical
135,29,1.0,chemical
135,40,1.0,chemical
135,8,2.0,chemical
136,106,1.0,chemical
136,108,6.0,chemical
136,11,12.0,chemical
136,114,4.0,chemical
136,115,3.0,chemical
136,125,2.0,chemical
136,139,4.0,chemical
136,2,7.0,chemical
136,7,1.0,chemical
137,103,1.0,chemical
137,11,2.0,chemical
137,116,1.0,chemical
137,125,2.0,chemical
137,136,1.0,chemical
137,139,2.0,chemical
137,142,2.0,chemical
137,2,1.0,chemical
138,100,1.0,chemical
138,103,3.0,chemical
138,104,1.0,chemical
138,105,3.0,chemical
138,113,2.0,chemical
138,12,1.0,chemical
138,126,5.0,chemical
138,13,3.0,chemical
138,131,1.0,chemical
138,134,1.0,chemical
138,14,1.0,chemical
138,169,3.0,chemical
138,170,1.0,chemical
138,178,1.0,chemical
138,186,2.0,chemical
138,193,1.0,chemical
138,202,3.0,chemical
138,212,1.0,chemical
138,213,1.0,chemical
138,233,1.0,chemical
138,254,2.0,chemical
138,255,2.0,chemical
138,4,8.0,chemical
138,43,2.0,chemical
138,5,6.0,chemical
138,7,2.0,chemical
138,73,1.0,chemical
138,85,1.0,chemical
138,86,2.0,chemical
138,90,3.0,chemical
139,11,13.0,chemical
139,114,2.0,chemical
139,115,1.0,chemical
139,123,4.0,chemical
139,13,1.0,chemical
139,14,2.0,chemical
139,2,1.0,chemical
14,210,3.0,chemical
14,24,10.0,chemical
14,35,2.0,chemical
14,36,6.0,chemical
14,44,7.0,chemical
14,47,10.0,chemical
14,48,6.0,chemical
14,49,5.0,chemical
14,7,1.0,chemical
14,74,9.0,chemical
14,75,8.0,chemical
14,76,12.0,chemical
14,78,3.0,chemical
14,89,1.0,chemical
140,104,1.0,chemical
140,106,3.0,chemical
140,108,2.0,chemical
140,109,7.0,chemical
140,111,2.0,chemical
140,116,2.0,chemical
140,129,9.0,chemical
140,136,1.0,chemical
140,206,2.0,chemical
141,114,9.0,chemical
141,128,1.0,chemical
141,142,1.0,chemical
141,2,3.0,chemical
142,114,11.0,chemical
142,145,1.0,chemical
142,150,2.0,chemical
142,2,3.0,chemical
143,103,1.0,chemical
143,109,1.0,chemical
143,115,1.0,chemical
143,117,2.0,chemical
143,118,3.0,chemical
143,120,1.0,chemical
143,121,1.0,chemical
143,131,1.0,chemical
143,149,1.0,chemical
143,158,1.0,chemical
143,164,2.0,chemical
143,165,1.0,chemical
143,170,1.0,chemical
143,174,1.0,chemical
143,182,1.0,chemical
143,183,1.0,chemical
143,187,3.0,chemical
143,192,1.0,chemical
143,2,1.0,chemical
143,203,2.0,chemical
143,205,2.0,chemical
143,206,3.0,chemical
143,239,4.0,chemical
143,245,5.0,chemical
143,246,2.0,chemical
143,45,24.0,chemical
143,88,1.0,chemical
143,96,2.0,chemical
144,110,1.0,chemical
144,123,3.0,chemical
144,125,2.0,chemical
144,136,2.0,chemical
144,139,1.0,chemical
145,142,4.0,chemical
145,146,13.0,chemical
146,114,6.0,chemical
146,142,4.0,chemical
146,145,1.0,chemical
146,188,1.0,chemical
146,192,3.0,chemical
146,194,1.0,chemical
146,196,1.0,chemical
146,201,1.0,chemical
146,220,1.0,chemical
146,40,1.0,chemical
146,94,1.0,chemical
147,143,1.0,chemical
147,148,4.0,chemical
147,149,13.0,chemical
148,115,1.0,chemical
148,123,11.0,chemical
148,140,1.0,chemical
148,151,1.0,chemical
149,123,7.0,chemical
149,143,1.0,chemical
149,148,4.0,chemical
149,188,1.0,chemical
149,194,1.0,chemical
149,196,1.0,chemical
149,200,1.0,chemical
149,201,1.0,chemical
149,206,1.0,chemical
149,220,1.0,chemical
149,40,1.0,chemical
15,115,1.0,chemical
15,119,1.0,chemical
15,12,1.0,chemical
15,13,1.0,chemical
15,14,3.0,chemical
15,4,2.0,chemical
15,5,5.0,chemical
15,76,2.0,chemical
15,87,1.0,chemical
150,105,1.0,chemical
150,114,5.0,chemical
150,118,1.0,chemical
150,119,1.0,chemical
150,120,1.0,chemical
150,124,2.0,chemical
150,141,2.0,chemical
150,142,2.0,chemical
150,146,1.0,chemical
150,199,1.0,chemical
150,200,1.0,chemical
150,203,4.0,chemical
150,216,1.0,chemical
150,217,1.0,chemical
150,40,2.0,chemical
150,5,1.0,chemical
150,87,2.0,chemical
151,119,1.0,chemical
151,123,4.0,chemical
151,143,2.0,chemical
151,147,2.0,chemical
151,148,2.0,chemical
151,192,1.0,chemical
151,200,2.0,chemical
151,203,3.0,chemical
151,206,1.0,chemical
151,29,2.0,chemical
151,40,1.0,chemical
151,88,2.0,chemical
151,99,1.0,chemical
152,160,1.0,chemical
152,201,1.0,chemical
152,45,1.0,chemical
153,166,1.0,chemical
153,250,16.0,chemical
153,269,2.0,chemical
153,45,15.0,chemical
154,162,1.0,chemical
154,167,1.0,chemical
154,168,1.0,chemical
154,228,16.0,chemical
154,250,2.0,chemical
154,45,15.0,chemical
155,161,1.0,chemical
155,198,1.0,chemical
155,45,15.0,chemical
156,162,1.0,chemical
156,190,16.0,chemical
156,198,2.0,chemical
156,45,15.0,chemical
157,190,2.0,chemical
157,232,16.0,chemical
157,45,15.0,chemical
158,163,1.0,chemical
158,232,2.0,chemical
158,235,16.0,chemical
158,45,15.0,chemical
159,164,1.0,chemical
159,235,2.0,chemical
159,270,16.0,chemical
159,45,15.0,chemical
16,17,1.0,chemical
16,18,2.0,chemical
16,19,4.0,chemical
16,20,5.0,chemical
16,21,6.0,chemical
16,22,4.0,chemical
16,23,1.0,chemical
16,24,3.0,chemical
16,25,1.0,chemical
16,26,2.0,chemical
16,27,2.0,chemical
16,5,3.0,chemical
160,198,1.0,chemical
160,201,1.0,chemical
160,45,10.0,chemical
161,190,6.0,chemical
161,198,23.0,chemical
161,201,1.0,chemical
161,220,1.0,chemical
161,45,29.0,chemical
162,163,1.0,chemical
162,190,23.0,chemical
162,232,6.0,chemical
162,234,1.0,chemical
162,45,29.0,chemical
163,164,1.0,chemical
163,232,23.0,chemical
163,235,6.0,chemical
163,270,1.0,chemical
163,276,1.0,chemical
163,45,29.0,chemical
164,165,1.0,chemical
164,270,23.0,chemical
164,272,1.0,chemical
164,277,1.0,chemical
164,45,29.0,chemical
165,166,1.0,chemical
165,269,1.0,chemical
165,274,23.0,chemical
165,277,1.0,chemical
165,45,29.0,chemical
166,167,1.0,chemical
166,228,1.0,chemical
166,250,23.0,chemical
166,45,29.0,chemical
166,98,1.0,chemical
167,168,1.0,chemical
167,222,1.0,chemical
167,228,23.0,chemical
167,45,29.0,chemical
167,98,1.0,chemical
168,222,1.0,chemical
168,228,23.0,chemical
168,45,29.0,chemical
168,98,1.0,chemical
169,157,1.0,chemical
169,190,1.0,chemical
169,232,9.0,chemical
169,234,4.0,chemical
169,235,22.0,chemical
169,270,7.0,chemical
169,276,9.0,chemical
169,45,22.0,chemical
17,114,5.0,chemical
17,115,1.0,chemical
17,116,3.0,chemical
17,117,2.0,chemical
17,118,1.0,chemical
17,119,4.0,chemical
17,120,1.0,chemical
17,121,2.0,chemical
17,13,2.0,chemical
17,2,6.0,chemical
17,20,1.0,chemical
17,23,1.0,chemical
17,3,4.0,chemical
17,74,2.0,chemical
17,85,1.0,chemical
17,93,1.0,chemical
17,99,2.0,chemical
170,235,1.0,chemical
170,270,9.0,chemical
170,271,1.0,chemical
170,272,22.0,chemical
170,273,1.0,chemical
170,274,7.0,chemical
170,277,4.0,chemical
170,278,9.0,chemical
170,45,22.0,chemical
171,118,4.0,chemical
171,119,2.0,chemical
171,120,1.0,chemical
171,13,5.0,chemical
171,208,1.0,chemical
171,256,1.0,chemical
171,257,1.0,chemical
171,3,4.0,chemical
172,126,2.0,chemical
172,138,61.0,chemical
172,186,1.0,chemical
172,191,4.0,chemical
172,214,22.0,chemical
172,218,1.0,chemical
172,247,1.0,chemical
172,43,2.0,chemical
173,118,6.0,chemical
173,119,1.0,chemical
173,126,1.0,chemical
173,13,8.0,chemical
173,130,1.0,chemical
173,138,4.0,chemical
173,152,1.0,chemical
173,155,2.0,chemical
173,161,1.0,chemical
173,169,5.0,chemical
173,170,3.0,chemical
173,171,1.0,chemical
173,186,1.0,chemical
173,188,1.0,chemical
173,193,7.0,chemical
173,202,1.0,chemical
173,221,1.0,chemical
173,233,4.0,chemical
173,254,4.0,chemical
173,255,1.0,chemical
173,263,1.0,chemical
173,264,4.0,chemical
173,265,1.0,chemical
173,266,5.0,chemical
173,267,3.0,chemical
173,268,2.0,chemical
173,3,10.0,chemical
173,4,3.0,chemical
173,43,1.0,chemical
173,5,1.0,chemical
173,80,1.0,chemical
173,85,9.0,chemical
173,87,6.0,chemical
173,97,4.0,chemical
174,179,1.0,chemical
175,191,1.0,chemical
176,177,1.0,chemical
176,278,8.0,chemical
176,45,10.0,chemical
177,178,1.0,chemical
177,228,2.0,chemical
177,250,3.0,chemical
177,45,10.0,chemical
177,98,8.0,chemical
178,126,2.0,chemical
178,154,2.0,chemical
178,167,3.0,chemical
178,168,5.0,chemical
178,171,2.0,chemical
178,173,3.0,chemical
178,177,1.0,chemical
178,184,11.0,chemical
178,222,2.0,chemical
178,254,4.0,chemical
178,45,14.0,chemical
178,98,2.0,chemical
179,180,1.0,chemical
179,198,3.0,chemical
179,201,1.0,chemical
179,220,8.0,chemical
179,45,10.0,chemical
18,23,7.0,chemical
18,24,11.0,chemical
18,42,1.0,chemical
18,45,10.0,chemical
18,54,1.0,chemical
180,181,1.0,chemical
180,190,2.0,chemical
180,198,3.0,chemical
180,220,18.0,chemical
180,234,11.0,chemical
180,45,31.0,chemical
181,182,1.0,chemical
181,232,1.0,chemical
181,234,8.0,chemical
181,45,10.0,chemical
182,183,1.0,chemical
182,232,3.0,chemical
182,235,2.0,chemical
182,276,8.0,chemical
182,45,10.0,chemical
183,189,1.0,chemical
183,276,8.0,chemical
183,45,10.0,chemical
184,178,1.0,chemical
184,45,8.0,chemical
185,118,1.0,chemical
185,119,3.0,chemical
185,13,3.0,chemical
185,173,3.0,chemical
185,195,1.0,chemical
185,257,1.0,chemical
185,3,7.0,chemical
185,43,1.0,chemical
185,99,1.0,chemical
186,138,61.0,chemical
186,172,1.0,chemical
186,173,2.0,chemical
186,191,4.0,chemical
186,218,1.0,chemical
186,219,22.0,chemical
186,247,1.0,chemical
186,43,2.0,chemical
187,191,1.0,chemical
188,112,1.0,chemical
188,152,1.0,chemical
188,161,1.0,chemical
188,174,5.0,chemical
188,175,7.0,chemical
188,200,1.0,chemical
188,220,1.0,chemical
188,221,1.0,chemical
188,222,3.0,chemical
188,45,6.0,chemical
188,5,1.0,chemical
188,98,2.0,chemical
189,270,3.0,chemical
189,272,2.0,chemical
189,277,8.0,chemical
189,280,1.0,chemical
189,45,10.0,chemical
19,15,7.0,chemical
19,16,2.0,chemical
19,18,1.0,chemical
19,24,7.0,chemical
19,36,1.0,chemical
19,44,1.0,chemical
19,48,2.0,chemical
19,5,19.0,chemical
19,52,2.0,chemical
19,72,2.0,chemical
19,73,1.0,chemical
19,74,3.0,chemical
19,75,4.0,chemical
19,76,4.0,chemical
19,77,1.0,chemical
190,156,2.0,chemical
190,238,2.0,chemical
190,45,25.0,chemical
192,103,2.0,chemical
192,109,1.0,chemical
192,110,2.0,chemical
192,111,2.0,chemical
192,114,2.0,chemical
192,117,1.0,chemical
192,118,3.0,chemical
192,120,2.0,chemical
192,121,2.0,chemical
192,133,2.0,chemical
192,142,1.0,chemical
192,143,3.0,chemical
192,147,1.0,chemical
192,158,1.0,chemical
192,164,1.0,chemical
192,174,1.0,chemical
192,183,1.0,chemical
192,187,3.0,chemical
192,203,6.0,chemical
192,216,3.0,chemical
192,239,2.0,chemical
192,245,10.0,chemical
192,45,25.0,chemical
193,158,1.0,chemical
193,159,1.0,chemical
193,232,1.0,chemical
193,235,9.0,chemical
193,270,22.0,chemical
193,272,7.0,chemical
193,276,4.0,chemical
193,277,9.0,chemical
193,45,22.0,chemical
194,10,5.0,chemical
194,115,3.0,chemical
194,13,5.0,chemical
194,15,1.0,chemical
194,196,1.0,chemical
194,2,1.0,chemical
194,211,4.0,chemical
194,214,2.0,chemical
194,215,2.0,chemical
194,219,1.0,chemical
194,3,7.0,chemical
194,85,1.0,chemical
194,9,5.0,chemical
195,119,23.0,chemical
195,13,7.0,chemical
195,171,1.0,chemical
195,205,1.0,chemical
195,227,1.0,chemical
195,3,7.0,chemical
196,10,3.0,chemical
196,112,2.0,chemical
196,115,5.0,chemical
196,167,2.0,chemical
196,188,2.0,chemical
196,191,5.0,chemical
196,194,5.0,chemical
196,2,2.0,chemical
196,211,4.0,chemical
196,214,7.0,chemical
196,215,2.0,chemical
196,219,7.0,chemical
196,251,1.0,chemical
196,45,5.0,chemical
196,60,1.0,chemical
196,65,1.0,chemical
196,86,1.0,chemical
196,9,2.0,chemical
196,98,4.0,chemical
197,134,1.0,chemical
197,179,1.0,chemical
197,201,3.0,chemical
197,220,8.0,chemical
197,45,10.0,chemical
198,156,2.0,chemical
198,238,2.0,chemical
198,45,8.0,chemical
199,104,3.0,chemical
199,106,3.0,chemical
199,111,1.0,chemical
199,112,1.0,chemical
199,113,2.0,chemical
199,118,1.0,chemical
199,120,4.0,chemical
199,124,2.0,chemical
199,131,1.0,chemical
199,149,2.0,chemical
199,200,5.0,chemical
199,201,1.0,chemical
199,86,2.0,chemical
199,87,2.0,chemical
199,99,1.0,chemical
2,11,1.0,chemical
2,116,1.0,chemical
2,13,2.0,chemical
2,130,1.0,chemical
2,131,12.0,chemical
2,132,1.0,chemical
2,73,2.0,chemical
2,75,1.0,chemical
2,8,2.0,chemical
2,85,3.0,chemical
20,18,2.0,chemical
20,21,1.0,chemical
20,23,2.0,chemical
20,47,4.0,chemical
20,60,2.0,chemical
20,71,1.0,chemical
20,81,3.0,chemical
200,120,4.0,chemical
200,124,5.0,chemical
200,143,2.0,chemical
200,146,1.0,chemical
200,186,1.0,chemical
200,188,1.0,chemical
200,203,4.0,chemical
200,227,2.0,chemical
200,228,1.0,chemical
200,45,2.0,chemical
200,85,1.0,chemical
200,87,8.0,chemical
201,197,2.0,chemical
201,220,1.0,chemical
201,45,8.0,chemical
202,1,2.0,chemical
202,118,1.0,chemical
202,119,1.0,chemical
202,120,1.0,chemical
202,126,1.0,chemical
202,13,5.0,chemical
202,138,1.0,chemical
202,14,3.0,chemical
202,173,2.0,chemical
202,204,1.0,chemical
202,3,3.0,chemical
202,6,2.0,chemical
202,66,1.0,chemical
202,7,2.0,chemical
202,85,4.0,chemical
202,87,5.0,chemical
203,124,6.0,chemical
203,134,1.0,chemical
203,146,2.0,chemical
203,172,1.0,chemical
203,188,1.0,chemical
203,192,1.0,chemical
203,200,5.0,chemical
203,227,2.0,chemical
203,228,1.0,chemical
203,45,2.0,chemical
203,85,5.0,chemical
203,99,4.0,chemical
204,102,1.0,chemical
204,119,2.0,chemical
204,124,2.0,chemical
204,13,2.0,chemical
204,149,1.0,chemical
204,173,4.0,chemical
204,188,4.0,chemical
204,191,3.0,chemical
204,194,2.0,chemical
204,202,1.0,chemical
204,234,1.0,chemical
204,3,2.0,chemical
204,5,1.0,chemical
204,85,5.0,chemical
204,87,6.0,chemical
204,9,2.0,chemical
205,119,6.0,chemical
205,120,2.0,chemical
205,173,2.0,chemical
205,188,4.0,chemical
205,190,2.0,chemical
205,191,2.0,chemical
205,195,3.0,chemical
205,200,1.0,chemical
205,206,1.0,chemical
205,208,5.0,chemical
205,220,2.0,chemical
205,221,3.0,chemical
205,222,1.0,chemical
205,226,2.0,chemical
205,227,1.0,chemical
205,232,4.0,chemical
205,234,1.0,chemical
205,239,2.0,chemical
205,246,1.0,chemical
205,253,2.0,chemical
205,3,6.0,chemical
205,45,7.0,chemical
205,5,3.0,chemical
205,87,3.0,chemical
205,96,3.0,chemical
205,99,7.0,chemical
206,110,2.0,chemical
206,112,4.0,chemical
206,120,1.0,chemical
206,126,1.0,chemical
206,131,4.0,chemical
206,143,1.0,chemical
206,173,1.0,chemical
206,199,1.0,chemical
206,203,1.0,chemical
206,34,1.0,chemical
206,85,1.0,chemical
206,87,16.0,chemical
206,99,2.0,chemical
207,126,4.0,chemical
207,160,2.0,chemical
207,173,6.0,chemical
207,226,3.0,chemical
207,43,3.0,chemical
207,68,3.0,chemical
207,79,1.0,chemical
207,85,6.0,chemical
207,87,5.0,chemical
207,96,4.0,chemical
207,97,1.0,chemical
207,99,1.0,chemical
208,119,6.0,chemical
208,120,3.0,chemical
208,173,2.0,chemical
208,188,4.0,chemical
208,190,2.0,chemical
208,191,2.0,chemical
208,195,3.0,chemical
208,200,1.0,chemical
208,205,4.0,chemical
208,206,1.0,chemical
208,220,2.0,chemical
208,222,1.0,chemical
208,227,1.0,chemical
208,232,4.0,chemical
208,234,1.0,chemical
208,239,2.0,chemical
208,246,1.0,chemical
208,253,2.0,chemical
208,257,3.0,chemical
208,3,6.0,chemical
208,45,7.0,chemical
208,5,3.0,chemical
208,87,3.0,chemical
208,96,3.0,chemical
208,99,7.0,chemical
209,102,1.0,chemical
209,103,10.0,chemical
209,11,1.0,chemical
209,121,1.0,chemical
209,127,5.0,chemical
209,136,4.0,chemical
209,141,1.0,chemical
21,13,5.0,chemical
21,131,2.0,chemical
21,133,1.0,chemical
21,210,1.0,chemical
21,211,1.0,chemical
21,3,6.0,chemical
21,74,3.0,chemical
21,75,4.0,chemical
21,76,1.0,chemical
21,90,2.0,chemical
210,132,2.0,chemical
210,14,2.0,chemical
210,24,1.0,chemical
210,26,2.0,chemical
210,45,5.0,chemical
210,47,1.0,chemical
210,49,1.0,chemical
210,65,1.0,chemical
210,7,2.0,chemical
210,74,2.0,chemical
210,76,2.0,chemical
211,115,1.0,chemical
211,214,1.0,chemical
211,219,3.0,chemical
211,45,4.0,chemical
211,49,2.0,chemical
212,13,15.0,chemical
212,131,9.0,chemical
212,133,2.0,chemical
212,211,2.0,chemical
212,32,1.0,chemical
212,75,6.0,chemical
213,131,1.0,chemical
213,133,4.0,chemical
213,3,11.0,chemical
213,74,6.0,chemical
214,131,1.0,chemical
214,133,2.0,chemical
214,138,1.0,chemical
214,149,1.0,chemical
214,186,4.0,chemical
214,191,5.0,chemical
214,207,1.0,chemical
214,218,1.0,chemical
214,38,1.0,chemical
214,4,2.0,chemical
214,5,1.0,chemical
214,73,1.0,chemical
214,85,1.0,chemical
215,2,1.0,chemical
215,214,1.0,chemical
215,219,4.0,chemical
215,45,5.0,chemical
215,48,5.0,chemical
215,49,1.0,chemical
215,88,1.0,chemical
216,124,1.0,chemical
216,131,1.0,chemical
216,133,2.0,chemical
216,204,3.0,chemical
216,217,2.0,chemical
216,85,10.0,chemical
216,87,1.0,chemical
216,99,2.0,chemical
217,119,1.0,chemical
217,126,4.0,chemical
217,16,1.0,chemical
217,173,2.0,chemical
217,226,5.0,chemical
217,240,1.0,chemical
217,36,1.0,chemical
217,4,1.0,chemical
217,72,3.0,chemical
217,94,1.0,chemical
218,126,2.0,chemical
218,138,3.0,chemical
218,172,10.0,chemical
218,191,1.0,chemical
218,207,1.0,chemical
218,214,11.0,chemical
218,43,2.0,chemical
219,131,3.0,chemical
219,132,1.0,chemical
219,133,3.0,chemical
219,138,1.0,chemical
219,146,1.0,chemical
219,172,4.0,chemical
219,191,5.0,chemical
219,204,1.0,chemical
219,218,1.0,chemical
219,74,1.0,chemical
219,75,2.0,chemical
219,76,1.0,chemical
219,86,1.0,chemical
22,107,1.0,chemical
22,13,5.0,chemical
22,3,3.0,chemical
22,74,2.0,chemical
22,75,3.0,chemical
22,76,1.0,chemical
22,78,2.0,chemical
22,86,1.0,chemical
220,160,2.0,chemical
220,198,1.0,chemical
220,201,1.0,chemical
220,45,29.0,chemical
221,119,1.0,chemical
221,120,1.0,chemical
221,173,1.0,chemical
221,178,1.0,chemical
221,253,3.0,chemical
221,257,1.0,chemical
221,3,1.0,chemical
222,178,1.0,chemical
222,45,8.0,chemical
223,113,5.0,chemical
223,73,3.0,chemical
224,105,6.0,chemical
224,132,5.0,chemical
225,115,1.0,chemical
225,118,10.0,chemical
225,119,2.0,chemical
225,126,2.0,chemical
225,13,10.0,chemical
225,130,1.0,chemical
225,134,1.0,chemical
225,138,1.0,chemical
225,191,3.0,chemical
225,3,4.0,chemical
225,4,3.0,chemical
225,5,2.0,chemical
225,68,2.0,chemical
225,85,4.0,chemical
225,87,2.0,chemical
226,126,2.0,chemical
226,132,2.0,chemical
226,192,4.0,chemical
226,199,1.0,chemical
226,205,2.0,chemical
226,208,1.0,chemical
226,3,2.0,chemical
226,40,1.0,chemical
226,57,1.0,chemical
226,64,4.0,chemical
226,99,1.0,chemical
227,112,1.0,chemical
227,118,1.0,chemical
227,119,1.0,chemical
227,126,1.0,chemical
227,13,3.0,chemical
227,146,1.0,chemical
227,149,1.0,chemical
227,167,2.0,chemical
227,173,1.0,chemical
227,177,2.0,chemical
227,191,2.0,chemical
227,196,1.0,chemical
227,203,1.0,chemical
227,204,1.0,chemical
227,205,2.0,chemical
227,208,2.0,chemical
227,229,2.0,chemical
227,230,1.0,chemical
227,3,1.0,chemical
227,5,1.0,chemical
227,85,4.0,chemical
227,99,1.0,chemical
228,45,8.0,chemical
229,119,1.0,chemical
229,124,1.0,chemical
229,138,2.0,chemical
229,146,2.0,chemical
229,167,1.0,chemical
229,199,1.0,chemical
229,203,3.0,chemical
229,227,5.0,chemical
229,230,5.0,chemical
229,256,5.0,chemical
229,258,4.0,chemical
23,56,2.0,chemical
230,124,1.0,chemical
230,138,2.0,chemical
230,146,2.0,chemical
230,227,3.0,chemical
230,229,6.0,chemical
230,256,1.0,chemical
230,258,5.0,chemical
231,152,1.0,chemical
231,155,1.0,chemical
231,190,22.0,chemical
231,198,9.0,chemical
231,201,1.0,chemical
231,220,4.0,chemical
231,232,7.0,chemical
231,45,22.0,chemical
232,45,25.0,chemical
233,156,1.0,chemical
233,190,9.0,chemical
233,198,1.0,chemical
233,220,1.0,chemical
233,232,22.0,chemical
233,234,4.0,chemical
233,235,7.0,chemical
233,45,22.0,chemical
234,162,2.0,chemical
234,190,1.0,chemical
234,232,1.0,chemical
234,45,29.0,chemical
235,45,25.0,chemical
236,212,3.0,chemical
236,78,1.0,chemical
236,86,2.0,chemical
237,213,3.0,chemical
237,37,1.0,chemical
237,75,1.0,chemical
237,78,1.0,chemical
237,90,1.0,chemical
238,179,1.0,chemical
238,190,4.0,chemical
238,198,6.0,chemical
238,220,19.0,chemical
238,234,1.0,chemical
238,239,1.0,chemical
238,45,23.0,chemical
239,143,1.0,chemical
239,201,1.0,chemical
239,232,2.0,chemical
239,234,4.0,chemical
239,45,10.0,chemical
24,45,8.0,chemical
24,47,7.0,chemical
240,115,1.0,chemical
240,13,2.0,chemical
240,130,1.0,chemical
240,215,1.0,chemical
240,217,1.0,chemical
240,22,1.0,chemical
240,3,3.0,chemical
240,4,1.0,chemical
240,91,2.0,chemical
241,173,2.0,chemical
241,24,1.0,chemical
241,28,1.0,chemical
241,59,1.0,chemical
241,89,1.0,chemical
241,96,5.0,chemical
242,13,2.0,chemical
242,138,3.0,chemical
242,17,1.0,chemical
242,2,2.0,chemical
242,25,2.0,chemical
242,37,1.0,chemical
242,85,5.0,chemical
242,87,4.0,chemical
243,191,1.0,chemical
244,191,1.0,chemical
245,194,2.0,chemical
245,196,1.0,chemical
245,200,1.0,chemical
245,203,1.0,chemical
245,246,1.0,chemical
245,284,1.0,chemical
245,45,10.0,chemical
246,143,1.0,chemical
246,149,3.0,chemical
246,188,1.0,chemical
246,190,1.0,chemical
246,198,1.0,chemical
246,201,1.0,chemical
246,220,2.0,chemical
246,232,2.0,chemical
246,234,4.0,chemical
246,235,4.0,chemical
246,239,1.0,chemical
246,253,1.0,chemical
246,270,3.0,chemical
246,272,5.0,chemical
246,276,4.0,chemical
246,277,10.0,chemical
246,283,2.0,chemical
246,284,1.0,chemical
246,45,8.0,chemical
247,176,1.0,chemical
247,269,2.0,chemical
247,274,3.0,chemical
247,278,8.0,chemical
247,45,30.0,chemical
248,13,27.0,chemical
248,138,3.0,chemical
248,173,28.0,chemical
248,191,1.0,chemical
248,249,1.0,chemical
249,126,28.0,chemical
249,138,3.0,chemical
249,191,1.0,chemical
249,248,1.0,chemical
249,3,27.0,chemical
25,45,8.0,chemical
25,49,1.0,chemical
250,45,8.0,chemical
251,168,1.0,chemical
251,205,1.0,chemical
251,45,1.0,chemical
251,98,1.0,chemical
252,45,1.0,chemical
252,98,1.0,chemical
253,191,1.0,chemical
254,153,1.0,chemical
254,154,1.0,chemical
254,228,7.0,chemical
254,250,22.0,chemical
254,269,9.0,chemical
254,274,1.0,chemical
254,45,22.0,chemical
254,98,4.0,chemical
255,178,1.0,chemical
255,45,18.0,chemical
255,98,15.0,chemical
256,118,1.0,chemical
256,126,13.0,chemical
256,13,9.0,chemical
256,178,2.0,chemical
256,258,1.0,chemical
256,3,6.0,chemical
257,118,1.0,chemical
257,126,1.0,chemical
257,13,1.0,chemical
257,178,1.0,chemical
257,221,1.0,chemical
257,253,3.0,chemical
257,99,1.0,chemical
258,118,1.0,chemical
258,119,1.0,chemical
258,126,6.0,chemical
258,13,7.0,chemical
258,173,3.0,chemical
258,178,1.0,chemical
258,256,1.0,chemical
258,3,7.0,chemical
259,126,2.0,chemical
259,13,1.0,chemical
259,138,5.0,chemical
259,171,1.0,chemical
259,178,1.0,chemical
26,191,1.0,chemical
260,124,1.0,chemical
260,138,7.0,chemical
260,168,6.0,chemical
260,173,8.0,chemical
260,178,1.0,chemical
260,185,1.0,chemical
260,259,1.0,chemical
261,192,2.0,chemical
262,118,4.0,chemical
262,13,5.0,chemical
262,138,5.0,chemical
262,143,2.0,chemical
262,173,1.0,chemical
262,186,5.0,chemical
263,234,15.0,chemical
263,45,18.0,chemical
264,234,6.0,chemical
264,276,15.0,chemical
264,45,18.0,chemical
265,276,15.0,chemical
265,45,18.0,chemical
266,276,6.0,chemical
266,277,15.0,chemical
266,45,18.0,chemical
267,277,15.0,chemical
267,45,18.0,chemical
268,277,6.0,chemical
268,278,15.0,chemical
268,45,18.0,chemical
269,45,25.0,chemical
27,23,3.0,chemical
27,45,9.0,chemical
27,50,1.0,chemical
27,52,1.0,chemical
27,65,2.0,chemical
270,45,25.0,chemical
271,270,2.0,chemical
271,272,16.0,chemical
271,45,15.0,chemical
272,45,25.0,chemical
273,165,1.0,chemical
273,272,2.0,chemical
273,274,16.0,chemical
273,45,15.0,chemical
274,45,25.0,chemical
275,269,16.0,chemical
275,274,2.0,chemical
275,45,15.0,chemical
276,163,2.0,chemical
276,235,1.0,chemical
276,270,1.0,chemical
276,45,29.0,chemical
277,165,2.0,chemical
277,272,1.0,chemical
277,274,1.0,chemical
277,45,29.0,chemical
278,166,2.0,chemical
278,250,1.0,chemical
278,269,1.0,chemical
278,45,29.0,chemical
279,269,7.0,chemical
279,270,1.0,chemical
279,272,9.0,chemical
279,274,22.0,chemical
279,275,1.0,chemical
279,278,4.0,chemical
279,45,22.0,chemical
279,98,9.0,chemical
28,21,2.0,chemical
28,22,4.0,chemical
28,29,1.0,chemical
28,30,2.0,chemical
28,31,1.0,chemical
28,32,5.0,chemical
28,33,3.0,chemical
28,34,1.0,chemical
28,35,1.0,chemical
28,36,2.0,chemical
28,37,2.0,chemical
28,38,2.0,chemical
28,39,1.0,chemical
28,4,4.0,chemical
28,40,1.0,chemical
280,247,1.0,chemical
280,277,8.0,chemical
280,45,10.0,chemical
281,278,6.0,chemical
281,45,18.0,chemical
281,98,15.0,chemical
282,278,15.0,chemical
282,45,18.0,chemical
283,143,1.0,chemical
283,201,1.0,chemical
283,220,1.0,chemical
283,239,1.0,chemical
283,45,4.0,chemical
284,194,2.0,chemical
284,196,2.0,chemical
284,200,1.0,chemical
284,203,1.0,chemical
284,245,2.0,chemical
284,277,2.0,chemical
284,45,8.0,chemical
285,143,1.0,chemical
285,146,1.0,chemical
285,184,1.0,chemical
285,188,1.0,chemical
285,222,1.0,chemical
285,228,1.0,chemical
285,234,1.0,chemical
285,245,1.0,chemical
285,250,1.0,chemical
285,269,1.0,chemical
285,272,1.0,chemical
285,274,1.0,chemical
285,276,1.0,chemical
285,277,1.0,chemical
285,278,1.0,chemical
285,45,11.0,chemical
286,45,1.0,chemical
287,45,1.0,chemical
288,45,1.0,chemical
289,45,1.0,chemical
29,115,2.0,chemical
29,123,10.0,chemical
290,45,1.0,chemical
291,45,1.0,chemical
292,45,1.0,chemical
293,45,1.0,chemical
294,45,1.0,chemical
295,45,1.0,chemical
296,191,1.0,chemical
297,191,1.0,chemical
3,119,2.0,chemical
3,126,28.0,chemical
3,13,3.0,chemical
3,152,1.0,chemical
3,153,4.0,chemical
3,154,9.0,chemical
3,155,3.0,chemical
3,156,2.0,chemical
3,157,2.0,chemical
3,158,4.0,chemical
3,159,2.0,chemical
3,160,4.0,chemical
3,161,4.0,chemical
3,162,9.0,chemical
3,163,12.0,chemical
3,164,9.0,chemical
3,165,2.0,chemical
3,166,7.0,chemical
3,167,14.0,chemical
3,168,5.0,chemical
3,169,2.0,chemical
3,170,2.0,chemical
3,174,1.0,chemical
3,176,10.0,chemical
3,177,14.0,chemical
3,178,2.0,chemical
3,179,3.0,chemical
3,180,4.0,chemical
3,181,4.0,chemical
3,182,6.0,chemical
3,183,4.0,chemical
3,184,2.0,chemical
3,185,5.0,chemical
3,186,2.0,chemical
3,187,2.0,chemical
3,5,4.0,chemical
3,68,1.0,chemical
3,87,2.0,chemical
3,9,1.0,chemical
30,31,1.0,chemical
30,34,8.0,chemical
30,36,11.0,chemical
30,45,10.0,chemical
30,51,1.0,chemical
31,30,5.0,chemical
31,33,2.0,chemical
31,34,14.0,chemical
31,39,3.0,chemical
31,50,2.0,chemical
31,52,3.0,chemical
31,53,1.0,chemical
31,60,4.0,chemical
31,65,3.0,chemical
31,7,2.0,chemical
32,28,6.0,chemical
32,30,1.0,chemical
32,36,10.0,chemical
32,4,14.0,chemical
32,46,3.0,chemical
32,47,3.0,chemical
32,48,2.0,chemical
32,49,1.0,chemical
32,5,1.0,chemical
32,50,2.0,chemical
32,59,2.0,chemical
32,67,1.0,chemical
32,74,1.0,chemical
32,75,1.0,chemical
32,76,3.0,chemical
32,78,3.0,chemical
32,8,10.0,chemical
33,22,1.0,chemical
33,30,1.0,chemical
33,31,1.0,chemical
33,34,1.0,chemical
33,44,3.0,chemical
33,50,1.0,chemical
33,60,1.0,chemical
33,82,3.0,chemical
34,69,2.0,chemical
35,113,1.0,chemical
35,14,1.0,chemical
35,38,3.0,chemical
35,44,1.0,chemical
35,45,4.0,chemical
35,48,2.0,chemical
35,7,1.0,chemical
35,73,3.0,chemical
35,75,1.0,chemical
36,44,10.0,chemical
36,45,10.0,chemical
37,45,7.0,chemical
37,50,1.0,chemical
37,94,1.0,chemical
38,191,1.0,chemical
39,34,4.0,chemical
39,44,1.0,chemical
39,45,9.0,chemical
39,50,2.0,chemical
39,51,1.0,chemical
39,65,2.0,chemical
4,118,1.0,chemical
4,126,1.0,chemical
4,13,44.0,chemical
4,152,5.0,chemical
4,155,2.0,chemical
4,156,1.0,chemical
4,160,12.0,chemical
4,161,6.0,chemical
4,162,4.0,chemical
4,163,1.0,chemical
4,169,2.0,chemical
4,174,8.0,chemical
4,179,2.0,chemical
4,180,5.0,chemical
4,181,1.0,chemical
4,183,1.0,chemical
4,187,17.0,chemical
4,190,1.0,chemical
4,196,1.0,chemical
4,197,6.0,chemical
4,198,1.0,chemical
41,23,3.0,chemical
41,42,1.0,chemical
41,43,1.0,chemical
41,44,6.0,chemical
41,45,4.0,chemical
42,24,3.0,chemical
42,41,1.0,chemical
42,44,4.0,chemical
42,45,10.0,chemical
42,47,2.0,chemical
42,48,1.0,chemical
42,49,3.0,chemical
42,5,2.0,chemical
42,50,1.0,chemical
43,120,2.0,chemical
43,138,1.0,chemical
43,168,1.0,chemical
43,169,1.0,chemical
43,173,1.0,chemical
43,174,1.0,chemical
43,18,1.0,chemical
43,186,1.0,chemical
43,219,1.0,chemical
43,23,4.0,chemical
43,233,1.0,chemical
43,30,1.0,chemical
43,34,3.0,chemical
43,41,1.0,chemical
43,46,1.0,chemical
43,85,4.0,chemical
43,87,3.0,chemical
43,99,2.0,chemical
44,24,1.0,chemical
44,36,6.0,chemical
44,45,7.0,chemical
44,7,1.0,chemical
46,34,7.0,chemical
46,45,8.0,chemical
46,47,8.0,chemical
47,24,10.0,chemical
47,45,9.0,chemical
47,80,1.0,chemical
48,14,5.0,chemical
48,215,1.0,chemical
48,32,1.0,chemical
48,36,1.0,chemical
48,45,11.0,chemical
48,49,2.0,chemical
48,7,3.0,chemical
49,14,5.0,chemical
49,214,1.0,chemical
49,24,1.0,chemical
49,45,4.0,chemical
49,48,1.0,chemical
49,7,7.0,chemical
5,119,1.0,chemical
5,152,5.0,chemical
5,155,2.0,chemical
5,156,1.0,chemical
5,160,12.0,chemical
5,161,6.0,chemical
5,162,4.0,chemical
5,163,1.0,chemical
5,169,2.0,chemical
5,173,1.0,chemical
5,174,8.0,chemical
5,175,17.0,chemical
5,179,2.0,chemical
5,180,5.0,chemical
5,181,1.0,chemical
5,183,1.0,chemical
5,190,1.0,chemical
5,196,1.0,chemical
5,197,6.0,chemical
5,198,1.0,chemical
5,3,44.0,chemical
50,45,14.0,chemical
51,24,3.0,chemical
51,36,4.0,chemical
51,4,1.0,chemical
51,44,1.0,chemical
51,45,12.0,chemical
51,46,1.0,chemical
51,47,4.0,chemical
51,48,4.0,chemical
51,49,1.0,chemical
51,52,2.0,chemical
51,53,1.0,chemical
52,45,11.0,chemical
53,10,2.0,chemical
53,100,4.0,chemical
53,22,1.0,chemical
53,33,1.0,chemical
53,34,3.0,chemical
53,38,1.0,chemical
53,49,1.0,chemical
53,5,1.0,chemical
53,7,4.0,chemical
53,85,1.0,chemical
53,87,1.0,chemical
54,14,1.0,chemical
54,15,2.0,chemical
54,18,1.0,chemical
54,24,4.0,chemical
54,47,2.0,chemical
54,5,5.0,chemical
54,60,1.0,chemical
54,76,4.0,chemical
54,79,1.0,chemical
54,87,1.0,chemical
54,91,1.0,chemical
55,12,1.0,chemical
55,15,1.0,chemical
55,23,9.0,chemical
55,41,7.0,chemical
55,50,4.0,chemical
55,52,4.0,chemical
55,56,2.0,chemical
55,57,3.0,chemical
56,22,1.0,chemical
56,36,4.0,chemical
56,79,3.0,chemical
57,23,3.0,chemical
57,36,1.0,chemical
57,41,2.0,chemical
57,45,6.0,chemical
57,52,1.0,chemical
58,22,1.0,chemical
58,34,12.0,chemical
58,46,7.0,chemical
58,50,2.0,chemical
58,52,3.0,chemical
58,59,1.0,chemical
58,60,1.0,chemical
58,61,1.0,chemical
58,62,3.0,chemical
59,21,4.0,chemical
59,22,2.0,chemical
59,24,1.0,chemical
59,25,4.0,chemical
59,32,6.0,chemical
59,4,5.0,chemical
59,46,5.0,chemical
59,47,2.0,chemical
59,51,1.0,chemical
59,62,1.0,chemical
59,69,5.0,chemical
59,70,2.0,chemical
59,8,1.0,chemical
59,83,1.0,chemical
59,86,1.0,chemical
59,88,1.0,chemical
59,89,1.0,chemical
59,96,1.0,chemical
6,11,1.0,chemical
6,12,1.0,chemical
6,13,3.0,chemical
6,14,4.0,chemical
6,15,4.0,chemical
6,4,4.0,chemical
6,9,7.0,chemical
60,100,1.0,chemical
60,103,5.0,chemical
60,106,1.0,chemical
60,109,4.0,chemical
60,14,12.0,chemical
60,15,5.0,chemical
60,16,1.0,chemical
60,20,3.0,chemical
60,23,5.0,chemical
60,28,2.0,chemical
60,33,7.0,chemical
60,34,5.0,chemical
60,40,1.0,chemical
60,50,1.0,chemical
60,56,3.0,chemical
60,59,1.0,chemical
60,6,1.0,chemical
60,65,1.0,chemical
60,67,1.0,chemical
60,69,3.0,chemical
60,7,9.0,chemical
60,72,1.0,chemical
60,8,4.0,chemical
60,92,1.0,chemical
61,15,1.0,chemical
61,45,10.0,chemical
61,8,1.0,chemical
62,34,3.0,chemical
62,45,6.0,chemical
62,47,1.0,chemical
62,50,1.0,chemical
62,61,1.0,chemical
62,83,1.0,chemical
63,20,8.0,chemical
63,21,1.0,chemical
63,4,1.0,chemical
63,42,1.0,chemical
63,48,3.0,chemical
63,49,1.0,chemical
63,50,2.0,chemical
63,56,6.0,chemical
63,60,9.0,chemical
63,64,2.0,chemical
63,65,2.0,chemical
63,66,2.0,chemical
64,10,6.0,chemical
64,102,1.0,chemical
64,13,2.0,chemical
64,130,2.0,chemical
64,14,1.0,chemical
64,19,2.0,chemical
64,210,1.0,chemical
64,216,1.0,chemical
64,226,1.0,chemical
64,25,1.0,chemical
64,3,3.0,chemical
64,35,1.0,chemical
64,4,1.0,chemical
64,42,1.0,chemical
64,48,2.0,chemical
64,60,2.0,chemical
64,63,2.0,chemical
64,72,1.0,chemical
64,82,1.0,chemical
64,84,1.0,chemical
64,86,1.0,chemical
64,9,5.0,chemical
64,94,3.0,chemical
64,95,1.0,chemical
65,45,5.0,chemical
65,75,1.0,chemical
66,12,7.0,chemical
66,14,8.0,chemical
66,21,1.0,chemical
66,4,3.0,chemical
66,85,2.0,chemical
66,9,2.0,chemical
66,99,2.0,chemical
67,32,2.0,chemical
67,33,7.0,chemical
67,39,1.0,chemical
67,48,1.0,chemical
67,51,1.0,chemical
67,52,2.0,chemical
67,60,5.0,chemical
67,65,1.0,chemical
67,68,2.0,chemical
67,69,1.0,chemical
67,70,1.0,chemical
68,10,4.0,chemical
68,107,1.0,chemical
68,119,1.0,chemical
68,13,5.0,chemical
68,130,1.0,chemical
68,213,1.0,chemical
68,219,1.0,chemical
68,225,2.0,chemical
68,3,1.0,chemical
68,32,2.0,chemical
68,49,2.0,chemical
68,5,1.0,chemical
68,59,1.0,chemical
68,60,1.0,chemical
68,64,2.0,chemical
68,88,2.0,chemical
68,9,7.0,chemical
68,99,1.0,chemical
69,21,1.0,chemical
69,22,1.0,chemical
69,24,3.0,chemical
69,37,1.0,chemical
69,80,2.0,chemical
7,24,12.0,chemical
7,26,1.0,chemical
7,28,1.0,chemical
7,35,2.0,chemical
7,36,8.0,chemical
7,44,4.0,chemical
7,47,9.0,chemical
7,48,5.0,chemical
7,49,7.0,chemical
7,51,1.0,chemical
7,73,1.0,chemical
7,74,6.0,chemical
7,75,10.0,chemical
7,76,7.0,chemical
7,78,13.0,chemical
7,89,1.0,chemical
7,95,1.0,chemical
70,22,1.0,chemical
70,38,1.0,chemical
70,48,1.0,chemical
70,49,1.0,chemical
70,51,3.0,chemical
70,53,7.0,chemical
70,59,1.0,chemical
70,67,1.0,chemical
70,87,1.0,chemical
70,88,1.0,chemical
70,89,1.0,chemical
70,90,1.0,chemical
71,14,1.0,chemical
71,18,6.0,chemical
71,20,1.0,chemical
71,23,11.0,chemical
71,27,4.0,chemical
71,50,5.0,chemical
71,52,2.0,chemical
71,6,1.0,chemical
71,60,2.0,chemical
71,65,1.0,chemical
72,15,2.0,chemical
72,19,2.0,chemical
72,21,1.0,chemical
72,22,3.0,chemical
72,23,2.0,chemical
72,37,4.0,chemical
72,41,4.0,chemical
72,42,1.0,chemical
72,44,3.0,chemical
72,5,5.0,chemical
72,56,6.0,chemical
72,57,2.0,chemical
72,77,2.0,chemical
72,84,2.0,chemical
72,90,1.0,chemical
72,91,1.0,chemical
72,94,3.0,chemical
72,95,1.0,chemical
73,115,1.0,chemical
73,131,5.0,chemical
73,133,4.0,chemical
73,19,1.0,chemical
73,215,1.0,chemical
73,3,3.0,chemical
73,94,1.0,chemical
74,14,1.0,chemical
74,45,3.0,chemical
74,7,1.0,chemical
74,76,1.0,chemical
75,14,2.0,chemical
75,45,3.0,chemical
75,7,1.0,chemical
76,14,8.0,chemical
76,210,1.0,chemical
76,24,2.0,chemical
76,45,3.0,chemical
76,7,4.0,chemical
76,74,2.0,chemical
77,15,1.0,chemical
77,36,4.0,chemical
77,44,5.0,chemical
77,5,3.0,chemical
77,74,1.0,chemical
77,75,2.0,chemical
78,14,3.0,chemical
78,35,1.0,chemical
78,36,1.0,chemical
78,43,1.0,chemical
78,45,2.0,chemical
78,7,7.0,chemical
78,75,4.0,chemical
79,191,1.0,chemical
8,2,1.0,chemical
8,3,2.0,chemical
8,4,4.0,chemical
8,60,1.0,chemical
8,7,2.0,chemical
8,74,1.0,chemical
80,191,1.0,chemical
81,191,1.0,chemical
82,191,1.0,chemical
83,24,2.0,chemical
83,4,2.0,chemical
83,47,4.0,chemical
83,5,2.0,chemical
83,74,4.0,chemical
83,75,1.0,chemical
83,8,1.0,chemical
84,22,1.0,chemical
84,26,1.0,chemical
84,36,1.0,chemical
84,42,1.0,chemical
84,66,4.0,chemical
84,72,1.0,chemical
84,85,1.0,chemical
84,86,1.0,chemical
85,119,3.0,chemical
85,143,1.0,chemical
85,152,1.0,chemical
85,153,2.0,chemical
85,156,2.0,chemical
85,157,2.0,chemical
85,158,1.0,chemical
85,159,2.0,chemical
85,164,1.0,chemical
85,176,1.0,chemical
85,181,1.0,chemical
85,188,1.0,chemical
85,189,1.0,chemical
85,190,1.0,chemical
85,191,6.0,chemical
85,3,25.0,chemical
85,5,3.0,chemical
85,87,2.0,chemical
86,13,1.0,chemical
86,212,2.0,chemical
86,45,9.0,chemical
86,61,3.0,chemical
87,118,3.0,chemical
87,13,25.0,chemical
87,152,1.0,chemical
87,153,2.0,chemical
87,156,2.0,chemical
87,157,2.0,chemical
87,158,1.0,chemical
87,159,2.0,chemical
87,164,1.0,chemical
87,176,1.0,chemical
87,181,1.0,chemical
87,188,1.0,chemical
87,189,1.0,chemical
87,190,1.0,chemical
87,191,6.0,chemical
87,192,1.0,chemical
87,4,3.0,chemical
87,85,2.0,chemical
88,104,1.0,chemical
88,107,1.0,chemical
88,110,1.0,chemical
88,118,1.0,chemical
88,120,1.0,chemical
88,237,1.0,chemical
88,3,1.0,chemical
88,44,1.0,chemical
88,45,3.0,chemical
88,47,4.0,chemical
88,48,3.0,chemical
88,49,3.0,chemical
88,5,3.0,chemical
88,53,1.0,chemical
88,87,1.0,chemical
89,191,1.0,chemical
9,103,2.0,chemical
9,104,2.0,chemical
9,109,1.0,chemical
9,15,1.0,chemical
9,194,1.0,chemical
9,214,1.0,chemical
9,215,1.0,chemical
9,236,1.0,chemical
9,37,3.0,chemical
9,4,1.0,chemical
9,5,2.0,chemical
9,6,2.0,chemical
90,213,2.0,chemical
90,3,1.0,chemical
90,45,9.0,chemical
90,61,4.0,chemical
91,131,4.0,chemical
91,133,2.0,chemical
91,15,3.0,chemical
91,16,2.0,chemical
91,188,2.0,chemical
91,214,1.0,chemical
91,219,3.0,chemical
91,24,1.0,chemical
91,28,1.0,chemical
91,32,1.0,chemical
91,4,8.0,chemical
91,48,2.0,chemical
91,49,5.0,chemical
91,5,6.0,chemical
91,59,2.0,chemical
91,72,1.0,chemical
91,74,1.0,chemical
91,75,1.0,chemical
91,76,1.0,chemical
91,78,1.0,chemical
91,8,6.0,chemical
91,92,1.0,chemical
92,13,1.0,chemical
92,24,1.0,chemical
92,30,1.0,chemical
92,36,4.0,chemical
92,4,6.0,chemical
92,44,3.0,chemical
92,7,1.0,chemical
92,78,3.0,chemical
92,79,1.0,chemical
92,8,1.0,chemical
92,80,1.0,chemical
93,4,2.0,chemical
93,40,3.0,chemical
93,49,1.0,chemical
93,5,2.0,chemical
94,102,1.0,chemical
94,105,2.0,chemical
94,115,1.0,chemical
94,13,1.0,chemical
94,142,1.0,chemical
94,217,1.0,chemical
94,236,1.0,chemical
94,26,1.0,chemical
94,37,1.0,chemical
94,4,2.0,chemical
94,44,4.0,chemical
94,45,5.0,chemical
94,48,1.0,chemical
94,49,3.0,chemical
94,66,1.0,chemical
94,72,1.0,chemical
94,79,2.0,chemical
94,87,2.0,chemical
95,191,1.0,chemical
96,120,2.0,chemical
96,126,2.0,chemical
96,13,5.0,chemical
96,143,7.0,chemical
96,173,2.0,chemical
96,199,1.0,chemical
96,205,1.0,chemical
96,208,4.0,chemical
96,241,1.0,chemical
96,242,1.0,chemical
96,62,1.0,chemical
96,64,1.0,chemical
96,68,1.0,chemical
96,73,1.0,chemical
97,45,1.0,chemical
97,61,1.0,chemical
97,98,1.0,chemical
98,167,2.0,chemical
98,222,1.0,chemical
98,228,1.0,chemical
98,45,29.0,chemical
99,119,4.0,chemical
99,120,1.0,chemical
99,126,2.0,chemical
99,146,1.0,chemical
99,173,4.0,chemical
99,187,1.0,chemical
99,192,1.0,chemical
99,199,1.0,chemical
99,203,1.0,chemical
99,207,1.0,chemical
99,208,1.0,chemical
99,3,2.0,chemical
99,4,4.0,chemical
99,85,4.0,chemical
99,87,1.0,chemical
